{
	"class_name" : "PinholeCameraParameters",
	"extrinsic" : 
	[
		0.99975130497481379,
		-0.0020115659722860723,
		0.022209948300168314,
		0.0,
		-0.017760037319198788,
		-0.67414334318014413,
		0.73838698114221868,
		0.0,
		0.0134873746732889,
		-0.73859779748401466,
		-0.67401141257117059,
		0.0,
		44.133692738208978,
		1675.2462078026574,
		10289.464004843725,
		1.0
	],
	"intrinsic" : 
	{
		"height" : 900,
		"intrinsic_matrix" : 
		[
			779.4228634059948,
			0.0,
			0.0,
			0.0,
			779.4228634059948,
			0.0,
			899.5,
			449.5,
			1.0
		],
		"width" : 1800
	},
	"version_major" : 1,
	"version_minor" : 0
}